year,start_equity,end_equity,yearly_return
2020,99.70432098881524,100.2386987841061,0.0053596252398211
2021,100.23869897824493,105.21303707523336,0.0496249267767134
2022,105.21304546131628,112.71945834471572,0.0713448874185409
2023,112.61910100015402,117.23967950576667,0.041028373202929
2024,117.26266407897587,125.4601156895942,0.069906748878717
